{
  "A": 0.00045330200373210744,
  "AAL": 0.0012453612187455672,
  "AAP": 0.0004434449713894306,
  "AAPL": 0.0007861966919191567,
  "ABBV": 0.0010502238586674415,
  "ABC": 0.0006523881924228675,
  "ABT": 0.0005005460797792888,
  "ACN": 0.0006664360013762718,
  "ADBE": 0.0013829962647808017,
  "ADI": 0.0006078383690368357,
  "ADM": 0.0003678631236638477,
  "ADP": 0.000561629480720941,
  "ADS": 0.0005162952278956292,
  "ADSK": 0.0010069565702430872,
  "AEE": 0.00044672527947012426,
  "AEP": 0.00034874318926925597,
  "AES": 8.244251490963322e-05,
  "AET": 0.001124177472047961,
  "AFL": 0.0004750056014191542,
  "AGN": 0.0006894405405462622,
  "AIG": 0.0004385793374840984,
  "AIV": 0.00032215799554515857,
  "AIZ": 0.0007449314403404725,
  "AJG": 0.00048677453077200717,
  "AKAM": 0.000701731359552692,
  "ALB": 0.0005762974976882052,
  "ALGN": 0.0017749568203682968,
  "ALK": 0.0009582159474275767,
  "ALL": 0.0006586646433919792,
  "ALXN": 0.00046191679424325926,
  "AMAT": 0.0011625691376221628,
  "AMD": 0.0018816625376722686,
  "AME": 0.0005301717551046714,
  "AMG": 0.0003398729664073444,
  "AMGN": 0.0006920118909722743,
  "AMP": 0.0008175078352087675,
  "AMT": 0.0005450030374448824,
  "AMZN": 0.0015075349642273224,
  "ANDV": 0.0007058502832863116,
  "ANSS": 0.0006646958138755218,
  "ANTM": 0.001119561021028089,
  "AON": 0.0007839702921199441,
  "APA": -0.0003446965944293767,
  "APC": -4.412701012833252e-05,
  "APD": 0.0005384129816189338,
  "APH": 0.0007965372603800118,
  "ARE": 0.00045509076790494716,
  "ARNC": 0.0002533687465860575,
  "ATVI": 0.0014805617455376648,
  "AVB": 0.00022264069183379408,
  "AVGO": 0.0017160415329650763,
  "AVY": 0.0009336733307895298,
  "AWK": 0.0006000639599354988,
  "AXP": 0.00040943325487194967,
  "AYI": 0.0007883823047928543,
  "AZO": 0.0005849337026298053,
  "BA": 0.0012956813091653746,
  "BAC": 0.0009011888489805173,
  "BAX": 0.00013475837702918854,
  "BBT": 0.0005217596987070221,
  "BBY": 0.0015355444151169562,
  "BDX": 0.0007908026101186256,
  "BEN": -2.70901882075698e-05,
  "BF.B": 0.0006164818037184929,
  "BIIB": 0.0007832559365364995,
  "BK": 0.0006293948228034254,
  "BLK": 0.0007324234235226603,
  "BLL": 0.000517933935409593,
  "BRK.B": 0.0006180069989694351,
  "BSX": 0.0011026967597792016,
  "BWA": 0.0004587236965033012,
  "BXP": 0.00014229692236268277,
  "C": 0.0005613047984353711,
  "CA": 0.0003221460233185324,
  "CAG": 0.0001717861730997441,
  "CAH": 0.0003920384639449254,
  "CAT": 0.000472024317897154,
  "CB": 0.00047200860988710463,
  "CBG": 0.0005784773690535455,
  "CBOE": 0.0010314455839395185,
  "CBS": 0.00028628505459490434,
  "CCI": 0.00040402970963801033,
  "CCL": 0.0005611010420068203,
  "CDNS": 0.0008952026244655083,
  "CELG": 0.0006958357475526113,
  "CERN": 0.0003973943043506731,
  "CF": 0.00016246682826282969,
  "CHD": 0.00041056250029239806,
  "CHK": -0.0006844058487195035,
  "CHRW": 0.0004310688045500692,
  "CHTR": 0.0013380875096023139,
  "CI": 0.001023117656586548,
  "CINF": 0.00043879283888226175,
  "CL": 0.0002550252519710312,
  "CLX": 0.0004130933899306613,
  "CMA": 0.000901104318158314,
  "CMCSA": 0.0006538481249842219,
  "CME": 0.0008915179068750434,
  "CMG": 5.824890399493863e-05,
  "CMI": 0.00039971729077309604,
  "CMS": 0.0004474201629971616,
  "CNC": 0.0014123468914980823,
  "CNP": 0.000254175676490025,
  "COF": 0.0005305725684993339,
  "COG": 0.00010774817162031774,
  "COL": 0.000722394301053493,
  "COO": 0.000725911631680548,
  "COP": 0.00014494633090340932,
  "COST": 0.0005172845789965406,
  "CPB": 0.0002088716918916307,
  "CRM": 0.0009388505490063343,
  "CSCO": 0.0006006538057980832,
  "CSX": 0.0008325204487083565,
  "CTAS": 0.0010930831279935217,
  "CTL": -0.0005282884894910577,
  "CTSH": 0.0006548509991303923,
  "CTXS": 0.00030639042100146646,
  "CVS": 0.0003739800091544185,
  "CVX": 8.130230909102747e-05,
  "CXO": 0.0006071740377805793,
  "D": 0.0002984878860007718,
  "DAL": 0.001237838155519637,
  "DE": 0.0005256210414276958,
  "DFS": 0.000607993855843508,
  "DG": 0.0007266186756736333,
  "DGX": 0.0005034743930352342,
  "DHI": 0.0007356077532378825,
  "DIS": 0.0005847264840848083,
  "DISCA": -0.0005744904944497937,
  "DISCK": -0.0005407863511762309,
  "DISH": 0.00029159591303249343,
  "DLR": 0.0004796710348143065,
  "DLTR": 0.0008690795961069634,
  "DOV": 0.0003823723776229715,
  "DPS": 0.0008258504414304286,
  "DRE": 0.00043838977284279754,
  "DRI": 0.0006527356343570493,
  "DTE": 0.0003954796486079162,
  "DUK": 0.00010754721742520495,
  "DVA": 0.0002782612806627009,
  "DVN": -9.392241645433025e-05,
  "EA": 0.0017536293151309177,
  "EBAY": 0.00011705507470122143,
  "ECL": 0.0005221679780013195,
  "ED": 0.0002678175189825425,
  "EFX": 0.0007190289305912372,
  "EIX": 0.00024386569102274977,
  "EL": 0.0006835029400608363,
  "EMN": 0.0003540239846119686,
  "EMR": 0.000221295163074467,
  "EOG": 0.0005421713675494189,
  "EQIX": 0.0006289827441734151,
  "EQR": 8.445513244827569e-05,
  "EQT": -1.448486565231127e-06,
  "ESRX": 0.0003276199498507884,
  "ESS": 0.000350791816900486,
  "ETFC": 0.001409973195203366,
  "ETN": 0.00036678152501662945,
  "ETR": 0.00015915956010014842,
  "EW": 0.0010503765683360267,
  "EXC": 0.00020654284902957407,
  "EXPD": 0.00036182796524604743,
  "EXPE": 0.0007775283991103638,
  "EXR": 0.0006338601582921387,
  "F": -5.271551605142014e-05,
  "FAST": 0.00015011768096661585,
  "FB": 0.001660421665891662,
  "FBHS": 0.0006230600801980154,
  "FCX": 2.6963750174481327e-05,
  "FDX": 0.0007698363607280485,
  "FE": -0.00012004776120840933,
  "FFIV": 0.0003952849489928367,
  "FIS": 0.0008245117208482909,
  "FISV": 0.0009812910748625244,
  "FITB": 0.000636343904197359,
  "FL": 0.00047191448442969464,
  "FLIR": 0.0005899593351889732,
  "FLR": 9.726251080917125e-05,
  "FLS": -3.6696654538957386e-05,
  "FMC": 0.00040396922764413006,
  "FRT": 8.536261670606598e-05,
  "FTI": -0.00017396409586113528,
  "GD": 0.0009909742853744363,
  "GE": -0.00023658500943679516,
  "GGP": 0.00016799416121601057,
  "GILD": 0.000717664612218118,
  "GIS": 0.0002514537081395474,
  "GLW": 0.00081108368767171,
  "GM": 0.00042898846148275586,
  "GOOGL": 0.0008800658343618981,
  "GPC": 0.0003462543051981584,
  "GPN": 0.0012706611445716938,
  "GPS": 0.00021300281215497059,
  "GRMN": 0.0005394972366543178,
  "GS": 0.0005153962998046594,
  "GT": 0.0008827187664145196,
  "GWW": 0.00025494689785777845,
  "HAL": 0.0003343271425278935,
  "HAS": 0.0008627142860126534,
  "HBAN": 0.0007283909873843474,
  "HBI": 0.0007875268566197701,
  "HCA": 0.0009112241572972141,
  "HCN": 4.952127541780921e-06,
  "HCP": -0.0004401895006223062,
  "HD": 0.0008969898183683765,
  "HES": -0.0001044267947156681,
  "HIG": 0.0007512383152588876,
  "HII": 0.0014154206342403223,
  "HOG": 8.143226425306193e-05,
  "HOLX": 0.0005891789432803032,
  "HON": 0.0006610208919922403,
  "HP": 0.00029630437457245,
  "HRB": 0.00021041847123413887,
  "HRL": 0.0005562161920909034,
  "HRS": 0.0010222605833742388,
  "HSIC": 0.0004614051060209183,
  "HST": 0.00022594747901463663,
  "HSY": 0.00023674931630501069,
  "HUM": 0.0010744903535718445,
  "IBM": -0.00014429478104175585,
  "IDXX": 0.0011814683007841857,
  "IFF": 0.0006007538010014187,
  "ILMN": 0.0014649009599482074,
  "INCY": 0.0016673829788466119,
  "INTC": 0.000706364977149298,
  "INTU": 0.0008521798892163908,
  "IP": 0.00036591463817428984,
  "IPG": 0.0005469009536333325,
  "IR": 0.0005378607175417942,
  "IRM": 0.00010917492152446802,
  "ISRG": 0.0007340795902454946,
  "IT": 0.0007883034931362774,
  "ITW": 0.0008141801214032298,
  "IVZ": 0.00028931693286967904,
  "JBHT": 0.0005004400054526792,
  "JCI": 0.00020974548304902854,
  "JEC": 0.00036686672664355396,
  "JNJ": 0.0004814345702266774,
  "JNPR": 0.0002840237240080928,
  "JPM": 0.0007519150327228285,
  "JWN": 7.774180713747186e-05,
  "K": 0.00012555761446657774,
  "KEY": 0.0007489697775771776,
  "KIM": -0.0002308362197308332,
  "KLAC": 0.0006167390841384249,
  "KMB": 0.00021991066385030768,
  "KMI": -0.0004357459369950851,