{"A":0.000453302,"AAL":0.0012453612,"AAP":0.000443445,"AAPL":0.0007861967,"ABBV":0.0010502239,"ABC":0.0006523882,"ABT":0.0005005461,"ACN":0.000666436,"ADBE":0.0013829963,"ADI":0.0006078384,"ADM":0.0003678631,"ADP":0.0005616295,"ADS":0.0005162952,"ADSK":0.0010069566,"AEE":0.0004467253,"AEP":0.0003487432,"AES":0.0000824425,"AET":0.0011241775,"AFL":0.0004750056,"AGN":0.0006894405,"AIG":0.0004385793,"AIV":0.000322158,"AIZ":0.0007449314,"AJG":0.0004867745,"AKAM":0.0007017314,"ALB":0.0005762975,"ALGN":0.0017749568,"ALK":0.0009582159,"ALL":0.0006586646,"ALXN":0.0004619168,"AMAT":0.0011625691,"AMD":0.0018816625,"AME":0.0005301718,"AMG":0.000339873,"AMGN":0.0006920119,"AMP":0.0008175078,"AMT":0.000545003,"AMZN":0.001507535,"ANDV":0.0007058503,"ANSS":0.0006646958,"ANTM":0.001119561,"AON":0.0007839703,"AOS":0.0011134221,"APA":-0.0003446966,"APC":-0.000044127,"APD":0.000538413,"APH":0.0007965373,"ARE":0.0004550908,"ARNC":0.0002533687,"ATVI":0.0014805617,"AVB":0.0002226407,"AVGO":0.0017160415,"AVY":0.0009336733,"AWK":0.000600064,"AXP":0.0004094333,"AYI":0.0007883823,"AZO":0.0005849337,"BA":0.0012956813,"BAC":0.0009011888,"BAX":0.0001347584,"BBT":0.0005217597,"BBY":0.0015355444,"BDX":0.0007908026,"BEN":-0.0000270902,"BF.B":0.0006164818,"BIIB":0.0007832559,"BK":0.0006293948,"BLK":0.0007324234,"BLL":0.0005179339,"BRK.B":0.000618007,"BSX":0.0011026968,"BWA":0.0004587237,"BXP":0.0001422969,"C":0.0005613048,"CA":0.000322146,"CAG":0.0001717862,"CAH":0.0003920385,"CAT":0.0004720243,"CB":0.0004720086,"CBG":0.0005784774,"CBOE":0.0010314456,"CBS":0.0002862851,"CCI":0.0004040297,"CCL":0.000561101,"CDNS":0.0008952026,"CELG":0.0006958357,"CERN":0.0003973943,"CF":0.0001624668,"CHD":0.0004105625,"CHK":-0.0006844058,"CHRW":0.0004310688,"CHTR":0.0013380875,"CI":0.0010231177,"CINF":0.0004387928,"CL":0.0002550253,"CLX":0.0004130934,"CMA":0.0009011043,"CMCSA":0.0006538481,"CME":0.0008915179,"CMG":0.0000582489,"CMI":0.0003997173,"CMS":0.0004474202,"CNC":0.0014123469,"CNP":0.0002541757,"COF":0.0005305726,"COG":0.0001077482,"COL":0.0007223943,"COO":0.0007259116,"COP":0.0001449463,"COST":0.0005172846,"CPB":0.0002088717,"CRM":0.0009388505,"CSCO":0.0006006538,"CSX":0.0008325204,"CTAS":0.0010930831,"CTL":-0.0005282885,"CTSH":0.000654851,"CTXS":0.0003063904,"CVS":0.00037398,"CVX":0.0000813023,"CXO":0.000607174,"D":0.0002984879,"DAL":0.0012378382,"DE":0.000525621,"DFS":0.0006079939,"DG":0.0007266187,"DGX":0.0005034744,"DHI":0.0007356078,"DIS":0.0005847265,"DISCA":-0.0005744905,"DISCK":-0.0005407864,"DISH":0.0002915959,"DLR":0.000479671,"DLTR":0.0008690796,"DOV":0.0003823724,"DPS":0.0008258504,"DRE":0.0004383898,"DRI":0.0006527356,"DTE":0.0003954796,"DUK":0.0001075472,"DVA":0.0002782613,"DVN":-0.0000939224,"EA":0.0017536293,"EBAY":0.0001170551,"ECL":0.000522168,"ED":0.0002678175,"EFX":0.0007190289,"EIX":0.0002438657,"EL":0.0006835029,"EMN":0.000354024,"EMR":0.0002212952,"EOG":0.0005421714,"EQIX":0.0006289827,"EQR":0.0000844551,"EQT":-0.0000014485,"ESRX":0.0003276199,"ESS":0.0003507918,"ETFC":0.0014099732,"ETN":0.0003667815,"ETR":0.0001591596,"EW":0.0010503766,"EXC":0.0002065428,"EXPD":0.000361828,"EXPE":0.0007775284,"EXR":0.0006338602,"F":-0.0000527155,"FAST":0.0001501177,"FB":0.0016604217,"FBHS":0.0006230601,"FCX":0.0000269638,"FDX":0.0007698364,"FE":-0.0001200478,"FFIV":0.0003952849,"FIS":0.0008245117,"FISV":0.0009812911,"FITB":0.0006363439,"FL":0.0004719145,"FLIR":0.0005899593,"FLR":0.0000972625,"FLS":-0.0000366967,"FMC":0.0004039692,"FRT":0.0000853626,"FTI":-0.0001739641,"GD":0.0009909743,"GE":-0.000236585,"GGP":0.0001679942,"GILD":0.0007176646,"GIS":0.0002514537,"GLW":0.0008110837,"GM":0.0004289885,"GOOGL":0.0008800658,"GPC":0.0003462543,"GPN":0.0012706611,"GPS":0.0002130028,"GRMN":0.0005394972,"GS":0.0005153963,"GT":0.0008827188,"GWW":0.0002549469,"HAL":0.0003343271,"HAS":0.0008627143,"HBAN":0.000728391,"HBI":0.0007875269,"HCA":0.0009112242,"HCN":0.0000049521,"HCP":-0.0004401895,"HD":0.0008969898,"HES":-0.0001044268,"HIG":0.0007512383,"HII":0.0014154206,"HOG":0.0000814323,"HOLX":0.0005891789,"HON":0.0006610209,"HP":0.0002963044,"HRB":0.0002104185,"HRL":0.0005562162,"HRS":0.0010222606,"HSIC":0.0004614051,"HST":0.0002259475,"HSY":0.0002367493,"HUM":0.0010744904,"IBM":-0.0001442948,"IDXX":0.0011814683,"IFF":0.0006007538,"ILMN":0.001464901,"INCY":0.001667383,"INTC":0.000706365,"INTU":0.0008521799,"IP":0.0003659146,"IPG":0.000546901,"IR":0.0005378607,"IRM":0.0001091749,"ISRG":0.0007340796,"IT":0.0007883035,"ITW":0.0008141801,"IVZ":0.0002893169,"JBHT":0.00050044,"JCI":0.0002097455,"JEC":0.0003668667,"JNJ":0.0004814346,"JNPR":0.0002840237,"JPM":0.000751915,"JWN":0.0000777418,"K":0.0001255576,"KEY":0.0007489698,"KIM":-0.0002308362,"KLAC":0.0006167391,"KMB":0.0002199107,"KMI":-0.0004357459,"KMX":0.0005602547,"KO":0.0001501878,"KORS":0.0003854497,"KR":0.0006932353,"KSS":0.0004683218,"KSU":0.0002378997,"L":0.0001161472,"LB":0.0002342357,"LEG":0.00041941,"LEN":0.0005064293,"LH":0.000576687,"LKQ":0.0005481275,"LLL":0.0008608095,"LLY":0.0003690252,"LMT":0.0011383558,"LNC":0.0009372599,"LNT":0.0008336494,"LOW":0.0008384544,"LRCX":0.0012604354,"LUK":0.0000522814,"LUV":0.0014287015,"LYB":0.0006115936,"M":-0.0001672192,"MA":0.0010087589,"MAA":0.0002885253,"MAC":0.0000773581,"MAR":0.0010648615,"MAS":0.0008402472,"MAT":-0.0004839548,"MCD":0.0004869055,"MCHP":0.0007697691,"MCK":0.0004422637,"MCO":0.0011205832,"MDLZ":0.0004536042,"MDT":0.0004997038,"MET":0.0003085398,"MGM":0.0009474717,"MHK":0.0008672532,"MKC":0.0004352367,"MLM":0.000801751,"MMC":0.000688913,"MMM":0.0007001183,"MNST":0.0013116173,"MO":0.0005738305,"MON":0.0002103982,"MOS":-0.000498198,"MPC":0.0006145391,"MRK":0.0003354612,"MRO":-0.0001586931,"MS":0.000809952,"MSFT":0.0010388741,"MSI":0.0004963643,"MTB":0.000531752,"MTD":0.0009421197,"MU":0.0017195574,"MYL":0.0004996165,"NBL":-0.0003663117,"NCLH":0.0007611368,"NDAQ":0.0008441362,"NEE":0.0006258644,"NEM":0.000162869,"NFLX":0.0022170697,"NFX":0.0003312735,"NI":0.0002290471,"NKE":0.0007918518,"NLSN":0.0002022069,"NOC":0.0013565562,"NOV":-0.0003633135,"NRG":0.0003583229,"NSC":0.0006967409,"NTAP":0.0005211844,"NTRS":0.000603911,"NUE":0.0003649381,"NVDA":0.0025626554,"NWL":0.0004198419,"OKE":0.0004054984,"OMC":0.0003125713,"ORLY":0.0008320558,"OXY":-0.0000849313,"PAYX":0.0005796291,"PBCT":0.0004018281,"PCAR":0.0003923142,"PCG":0.0000124518,"PCLN":0.0009187527,"PDCO":0.0000138426,"PEG":0.0003980253,"PEP":0.0003906858,"PFE":0.000267584,"PFG":0.0006845511,"PG":0.0001015259,"PGR":0.0007063241,"PH":0.0006208666,"PHM":0.0005106445,"PKG":0.0009780035,"PKI":0.0007044233,"PLD":0.0004077808,"PM":0.000124026,"PNC":0.0007861882,"PNR":0.0003492419,"PNW":0.0003174896,"PPG":0.0004753239,"PPL":0.0000572573,"PRGO":0.0000298995,"PRU":0.0006390238,"PSA":0.0001936834,"PSX":0.0004383175,"PVH":0.0003151018,"PWR":0.000334833,"PX":0.0002865594,"PXD":0.0004976105,"QCOM":0.0001097406,"RCL":0.0011903464,"RE":0.0006383213,"REG":0.0001590832,"REGN":0.0008165618,"RF":0.0008291814,"RHI":0.0004978285,"RHT":0.0008170705,"RJF":0.0006685269,"RL":-0.0002235799,"RMD":0.0007135539,"ROK":0.0006761075,"ROP":0.000702076,"ROST":0.0008469685,"RRC":-0.0009775604,"RSG":0.0006195088,"RTN":0.0011166205,"SBAC":0.0007848421,"SBUX":0.0006002332,"SCG":-0.0000961988,"SCHW":0.0010516258,"SEE":0.0007851748,"SHW":0.0008035092,"SIG":0.0000766238,"SJM":0.0003059004,"SLB":0.0000051847,"SLG":0.0001774612,"SNA":0.000668074,"SNI":0.0004003583,"SNPS":0.0007900659,"SO":0.0000335037,"SPG":0.0000284008,"SPGI":0.0012414239,"SRCL":-0.0001074765,"SRE":0.0003057672,"STI":0.000784673,"STT":0.0005880871,"STX":0.0005743008,"STZ":0.0016443901,"SWK":0.0006637847,"SWKS":0.0013972267,"SYK":0.0007559069,"SYMC":0.0002667506,"SYY":0.0005493089,"T":0.0000869693,"TAP":0.0005297235,"TDG":0.0006855195,"TEL":0.0007953896,"TGT":0.0002308995,"TIF":0.000527655,"TJX":0.0004820512,"TMK":0.0006926974,"TMO":0.0008918949,"TPR":0.0001658197,"TRIP":0.0002360932,"TROW":0.0003757577,"TRV":0.0005157145,"TSCO":0.0003369611,"TSN":0.0010323778,"TSS":0.0011297043,"TWX":0.0005669329,